added,title,rate,year,imdb_url
"Sun Aug 28 00:00:00 2016","Daft Punk's Electroma","2","2006","http://www.imdb.com/title/tt0800022/"
"Sun Aug 28 00:00:00 2016","The Machine","5","2013","http://www.imdb.com/title/tt2317225/"
"Sat Aug 27 00:00:00 2016","Forrest Gump","9","1994","http://www.imdb.com/title/tt0109830/"
"Sat Aug 27 00:00:00 2016","Transcendence","3","2014","http://www.imdb.com/title/tt2209764/"
"Thu Aug 25 00:00:00 2016","Kon-Tiki","8","2012","http://www.imdb.com/title/tt1613750/"
"Mon Aug 22 00:00:00 2016","S1m0ne","6","2002","http://www.imdb.com/title/tt0258153/"
"Sun Aug 21 00:00:00 2016","Spring","5","2014","http://www.imdb.com/title/tt3395184/"
"Sun Aug 21 00:00:00 2016","Stuck in Love","3","2012","http://www.imdb.com/title/tt2205697/"
"Sun Aug 21 00:00:00 2016","What If","6","2013","http://www.imdb.com/title/tt1486834/"
"Sat Aug 20 00:00:00 2016","Interstella 5555: The 5tory of the 5ecret 5tar 5ystem","5","2003","http://www.imdb.com/title/tt0368667/"
"Sat Aug 20 00:00:00 2016","Stalker","4","1979","http://www.imdb.com/title/tt0079944/"
"Sat Aug 20 00:00:00 2016","No Verbal Response","3","2003","http://www.imdb.com/title/tt0387448/"
"Mon Aug 15 00:00:00 2016","How I Live Now","5","2013","http://www.imdb.com/title/tt1894476/"
"Sun Aug 14 00:00:00 2016","Faults","4","2014","http://www.imdb.com/title/tt3021360/"
"Sun Aug 14 00:00:00 2016","Survivor","2","2015","http://www.imdb.com/title/tt3247714/"
"Sun Aug 14 00:00:00 2016","Devil","3","2010","http://www.imdb.com/title/tt1314655/"
"Sun Aug 14 00:00:00 2016","The Signal","4","2014","http://www.imdb.com/title/tt2910814/"
"Sat Aug 13 00:00:00 2016","The Experiment","5","2010","http://www.imdb.com/title/tt0997152/"
"Sat Aug 13 00:00:00 2016","Beyond the Black Rainbow","2","2010","http://www.imdb.com/title/tt1534085/"
"Sat Aug 13 00:00:00 2016","Hercules","7","1997","http://www.imdb.com/title/tt0119282/"
"Thu Aug 11 00:00:00 2016","Contraband","6","2012","http://www.imdb.com/title/tt1524137/"
"Thu Aug 11 00:00:00 2016","The Danish Girl","3","2015","http://www.imdb.com/title/tt0810819/"
"Thu Jul 28 00:00:00 2016","Taken 2","5","2012","http://www.imdb.com/title/tt1397280/"
"Mon Jul 25 00:00:00 2016","Clinton Cash","9","2016","http://www.imdb.com/title/tt5673884/"
"Sun Jul 17 00:00:00 2016","Jodorowsky's Dune","5","2013","http://www.imdb.com/title/tt1935156/"
"Sat Jul 16 00:00:00 2016","La Jetée","4","1962","http://www.imdb.com/title/tt0056119/"
"Sat Jul 16 00:00:00 2016","Hercules","7","2014","http://www.imdb.com/title/tt1267297/"
"Sat Jul 16 00:00:00 2016","Short Term 12","9","2013","http://www.imdb.com/title/tt2370248/"
"Fri Jul 15 00:00:00 2016","Whisper of the Heart","8","1995","http://www.imdb.com/title/tt0113824/"
"Fri Jul 15 00:00:00 2016","Adore","1","2013","http://www.imdb.com/title/tt2103267/"
"Thu Jul 14 00:00:00 2016","There Will Be Blood","8","2007","http://www.imdb.com/title/tt0469494/"
"Tue Jul 12 00:00:00 2016","Session 9","3","2001","http://www.imdb.com/title/tt0261983/"
"Sun Jul 10 00:00:00 2016","Ted","3","2012","http://www.imdb.com/title/tt1637725/"
"Sun Jul 10 00:00:00 2016","Man on Fire","4","2004","http://www.imdb.com/title/tt0328107/"
"Sat Jul  9 00:00:00 2016","Colombiana","5","2011","http://www.imdb.com/title/tt1657507/"
"Fri Jul  8 00:00:00 2016","Mulholland Dr.","2","2001","http://www.imdb.com/title/tt0166924/"
"Fri Jul  8 00:00:00 2016","Child 44","8","2015","http://www.imdb.com/title/tt1014763/"
"Tue Jul  5 00:00:00 2016","Brazil","3","1985","http://www.imdb.com/title/tt0088846/"
"Fri Jul  1 00:00:00 2016","The Man from Earth","6","2007","http://www.imdb.com/title/tt0756683/"
"Tue Jun 28 00:00:00 2016","Mediastan","5","2013","http://www.imdb.com/title/tt3169780/"
"Tue Jun 28 00:00:00 2016","Cloverfield","6","2008","http://www.imdb.com/title/tt1060277/"
"Tue Jun 28 00:00:00 2016","The Host","3","2006","http://www.imdb.com/title/tt0468492/"
"Mon Jun 27 00:00:00 2016","Metropolis","3","2001","http://www.imdb.com/title/tt0293416/"
"Sun Jun 26 00:00:00 2016","Enter the Void","3","2009","http://www.imdb.com/title/tt1191111/"
"Fri Jun 24 00:00:00 2016","Brooklyn","10","2015","http://www.imdb.com/title/tt2381111/"
"Wed Jun 22 00:00:00 2016","Captain America: The Winter Soldier","7","2014","http://www.imdb.com/title/tt1843866/"
"Sun Jun 19 00:00:00 2016","Thor: The Dark World","6","2013","http://www.imdb.com/title/tt1981115/"
"Thu May 26 00:00:00 2016","Iron Man 3","7","2013","http://www.imdb.com/title/tt1300854/"
"Sun May 22 00:00:00 2016","The Avengers","9","2012","http://www.imdb.com/title/tt0848228/"
"Sun May 22 00:00:00 2016","Elizabeth: The Golden Age","3","2007","http://www.imdb.com/title/tt0414055/"
"Sat May 21 00:00:00 2016","Captain America: The First Avenger","8","2011","http://www.imdb.com/title/tt0458339/"
"Thu May 19 00:00:00 2016","Super","4","2010","http://www.imdb.com/title/tt1512235/"
"Tue May 17 00:00:00 2016","Thor","8","2011","http://www.imdb.com/title/tt0800369/"
"Sun May 15 00:00:00 2016","Iron Man 2","6","2010","http://www.imdb.com/title/tt1228705/"
"Fri May 13 00:00:00 2016","Iron Man","9","2008","http://www.imdb.com/title/tt0371746/"
"Fri May 13 00:00:00 2016","The Incredible Hulk","7","2008","http://www.imdb.com/title/tt0800080/"
"Mon May  9 00:00:00 2016","The Conjuring","5","2013","http://www.imdb.com/title/tt1457767/"
"Fri Apr 29 00:00:00 2016","Ginger & Rosa","4","2012","http://www.imdb.com/title/tt2115295/"
"Thu Apr 21 00:00:00 2016","Killers","3","2014","http://www.imdb.com/title/tt2409300/"
"Mon Apr 18 00:00:00 2016","Donnie Darko","8","2001","http://www.imdb.com/title/tt0246578/"
"Tue Apr  5 00:00:00 2016","Crimson Peak","5","2015","http://www.imdb.com/title/tt2554274/"
"Sun Apr  3 00:00:00 2016","Juno","4","2007","http://www.imdb.com/title/tt0467406/"
"Sun Apr  3 00:00:00 2016","The Devil's Advocate","5","1997","http://www.imdb.com/title/tt0118971/"
"Sat Apr  2 00:00:00 2016","Gangs of New York","5","2002","http://www.imdb.com/title/tt0217505/"
"Thu Mar 10 00:00:00 2016","Under the Skin","4","2013","http://www.imdb.com/title/tt1441395/"
"Thu Feb 25 00:00:00 2016","Saving Private Ryan","9","1998","http://www.imdb.com/title/tt0120815/"
"Tue Feb 23 00:00:00 2016","The Visitant","7","2014","http://www.imdb.com/title/tt3246980/"
"Tue Feb 23 00:00:00 2016","Ex Machina","9","2015","http://www.imdb.com/title/tt0470752/"
"Sat Feb 20 00:00:00 2016","The Raid 2","6","2014","http://www.imdb.com/title/tt2265171/"
"Mon Feb 15 00:00:00 2016","The Revenant","8","2015","http://www.imdb.com/title/tt1663202/"
"Fri Feb 12 00:00:00 2016","The Dudesons","7","2006","http://www.imdb.com/title/tt1409056/"
"Thu Feb 11 00:00:00 2016","Sin City","4","2005","http://www.imdb.com/title/tt0401792/"
"Tue Feb  2 00:00:00 2016","The Descent","5","2005","http://www.imdb.com/title/tt0435625/"
"Sun Jan 31 00:00:00 2016","Automata","4","2014","http://www.imdb.com/title/tt1971325/"
"Fri Jan 29 00:00:00 2016","Sicario","8","2015","http://www.imdb.com/title/tt3397884/"
"Thu Jan 28 00:00:00 2016","Only God Forgives","6","2013","http://www.imdb.com/title/tt1602613/"
"Sat Jan 23 00:00:00 2016","The Curious Case of Benjamin Button","7","2008","http://www.imdb.com/title/tt0421715/"
"Thu Jan 21 00:00:00 2016","Band of Brothers","9","2001","http://www.imdb.com/title/tt0185906/"
"Sat Jan 16 00:00:00 2016","The Martian","9","2015","http://www.imdb.com/title/tt3659388/"
"Sun Dec 13 00:00:00 2015","Kill Bill: Vol. 2","8","2004","http://www.imdb.com/title/tt0378194/"
"Fri Dec 11 00:00:00 2015","Kill Bill: Vol. 1","8","2003","http://www.imdb.com/title/tt0266697/"
"Tue Dec  8 00:00:00 2015","Jessica Jones","8","2015","http://www.imdb.com/title/tt2357547/"
"Mon Dec  7 00:00:00 2015","Black Hawk Down","4","2001","http://www.imdb.com/title/tt0265086/"
"Sat Nov 28 00:00:00 2015","The Devil Wears Prada","6","2006","http://www.imdb.com/title/tt0458352/"
"Fri Nov 27 00:00:00 2015","2001: A Space Odyssey","4","1968","http://www.imdb.com/title/tt0062622/"
"Thu Nov 26 00:00:00 2015","The American Scream","9","2012","http://www.imdb.com/title/tt2075373/"
"Tue Nov 24 00:00:00 2015","Brave New World","2","1998","http://www.imdb.com/title/tt0145600/"
"Tue Nov 24 00:00:00 2015","Synecdoche, New York","1","2008","http://www.imdb.com/title/tt0383028/"
"Mon Nov 23 00:00:00 2015","Zoolander","4","2001","http://www.imdb.com/title/tt0196229/"
"Sun Nov 22 00:00:00 2015","The Zero Theorem","3","2013","http://www.imdb.com/title/tt2333804/"
"Sat Nov 21 00:00:00 2015","Fantastic Mr. Fox","7","2009","http://www.imdb.com/title/tt0432283/"
"Thu Nov 19 00:00:00 2015","Elizabeth","6","1998","http://www.imdb.com/title/tt0127536/"
"Sat Nov 14 00:00:00 2015","The Shawshank Redemption","9","1994","http://www.imdb.com/title/tt0111161/"
"Sat Nov  7 00:00:00 2015","eXistenZ","7","1999","http://www.imdb.com/title/tt0120907/"
"Thu Nov  5 00:00:00 2015","The Guest","7","2014","http://www.imdb.com/title/tt2980592/"
"Tue Nov  3 00:00:00 2015","The Host","3","2013","http://www.imdb.com/title/tt1517260/"
"Sun Nov  1 00:00:00 2015","Stonehearst Asylum","6","2014","http://www.imdb.com/title/tt1772264/"
"Sat Oct 24 00:00:00 2015","Inside Out","10","2015","http://www.imdb.com/title/tt2096673/"
"Fri Oct  9 00:00:00 2015","The Place Beyond the Pines","6","2012","http://www.imdb.com/title/tt1817273/"
"Fri Sep 25 00:00:00 2015","Horns","5","2013","http://www.imdb.com/title/tt1528071/"
"Wed Sep 23 00:00:00 2015","Honeymoon","5","2014","http://www.imdb.com/title/tt3177316/"
"Tue Sep 22 00:00:00 2015","Willow Creek","6","2013","http://www.imdb.com/title/tt2885364/"
"Fri Sep 18 00:00:00 2015","Solo","5","2013","http://www.imdb.com/title/tt2374196/"
"Wed Sep  9 00:00:00 2015","Terminator Salvation","7","2009","http://www.imdb.com/title/tt0438488/"
"Tue Sep  8 00:00:00 2015","Robot & Frank","7","2012","http://www.imdb.com/title/tt1990314/"
"Fri Sep  4 00:00:00 2015","The Departed","9","2006","http://www.imdb.com/title/tt0407887/"
"Wed Sep  2 00:00:00 2015","Jessabelle","8","2014","http://www.imdb.com/title/tt2300975/"
"Wed Sep  2 00:00:00 2015","Defending Your Life","7","1991","http://www.imdb.com/title/tt0101698/"
"Wed Sep  2 00:00:00 2015","The Woman in Black","8","2012","http://www.imdb.com/title/tt1596365/"
"Sun Aug 30 00:00:00 2015","Harry Potter and the Deathly Hallows: Part 2","5","2011","http://www.imdb.com/title/tt1201607/"
"Sun Aug 30 00:00:00 2015","Contact","5","1997","http://www.imdb.com/title/tt0118884/"
"Thu Aug 27 00:00:00 2015","The Nostalgia Critic","1","2007","http://www.imdb.com/title/tt1635327/"
"Wed Aug 26 00:00:00 2015","Computer Chess","3","2013","http://www.imdb.com/title/tt2007360/"
"Tue Aug 25 00:00:00 2015","Les Misérables","6","2012","http://www.imdb.com/title/tt1707386/"
"Fri Aug 21 00:00:00 2015","Big Bad Wolves","3","2013","http://www.imdb.com/title/tt2309224/"
"Thu Aug 20 00:00:00 2015","Terminator 3: Rise of the Machines","7","2003","http://www.imdb.com/title/tt0181852/"
"Tue Aug 18 00:00:00 2015","Terminator 2: Judgment Day","9","1991","http://www.imdb.com/title/tt0103064/"
"Sun Aug 16 00:00:00 2015","Road Kill","3","2010","http://www.imdb.com/title/tt1241330/"
"Sun Aug 16 00:00:00 2015","The Terminator","8","1984","http://www.imdb.com/title/tt0088247/"
"Sun Aug 16 00:00:00 2015","The Punisher","2","2004","http://www.imdb.com/title/tt0330793/"
"Thu Aug 13 00:00:00 2015","Fish Tank","3","2009","http://www.imdb.com/title/tt1232776/"
"Thu Aug 13 00:00:00 2015","Harry Potter and the Deathly Hallows: Part 1","4","2010","http://www.imdb.com/title/tt0926084/"
"Sun Aug  9 00:00:00 2015","Harry Potter and the Half-Blood Prince","6","2009","http://www.imdb.com/title/tt0417741/"
"Sat Aug  8 00:00:00 2015","Blue Is the Warmest Color","2","2013","http://www.imdb.com/title/tt2278871/"
"Tue Aug  4 00:00:00 2015","After the Dark","9","2013","http://www.imdb.com/title/tt1928340/"
"Sun Aug  2 00:00:00 2015","Mad Max: Fury Road","9","2015","http://www.imdb.com/title/tt1392190/"
"Sat Aug  1 00:00:00 2015","Harry Potter and the Goblet of Fire","5","2005","http://www.imdb.com/title/tt0330373/"
"Sat Aug  1 00:00:00 2015","Harry Potter and the Prisoner of Azkaban","6","2004","http://www.imdb.com/title/tt0304141/"
"Tue Jul 28 00:00:00 2015","Harry Potter and the Sorcerer's Stone","6","2001","http://www.imdb.com/title/tt0241527/"
"Tue Jul 28 00:00:00 2015","Harry Potter and the Chamber of Secrets","6","2002","http://www.imdb.com/title/tt0295297/"
"Sat Jul 25 00:00:00 2015","Home","5","2015","http://www.imdb.com/title/tt2224026/"
"Fri Jul 24 00:00:00 2015","Interstellar","9","2014","http://www.imdb.com/title/tt0816692/"
"Fri Jul 24 00:00:00 2015","Paddington","6","2014","http://www.imdb.com/title/tt1109624/"
"Thu Jul 23 00:00:00 2015","Nymphomaniac: Vol. I","1","2013","http://www.imdb.com/title/tt1937390/"
"Sun Jul 19 00:00:00 2015","The Fifth Element","4","1997","http://www.imdb.com/title/tt0119116/"
"Wed Jul 15 00:00:00 2015","No Strings Attached","3","2011","http://www.imdb.com/title/tt1411238/"
"Wed Jul  8 00:00:00 2015","Birdman or (The Unexpected Virtue of Ignorance)","5","2014","http://www.imdb.com/title/tt2562232/"
"Sun Jul  5 00:00:00 2015","Whiplash","9","2014","http://www.imdb.com/title/tt2582802/"
"Sat Jul  4 00:00:00 2015","Breathing Room","3","2008","http://www.imdb.com/title/tt1220706/"
"Thu Jul  2 00:00:00 2015","The Thing","8","1982","http://www.imdb.com/title/tt0084787/"
"Tue Jun 30 00:00:00 2015","It Follows","8","2014","http://www.imdb.com/title/tt3235888/"
"Wed Jun 24 00:00:00 2015","Friends with Benefits","3","2011","http://www.imdb.com/title/tt1632708/"
"Mon Jun 22 00:00:00 2015","Crazy, Stupid, Love.","6","2011","http://www.imdb.com/title/tt1570728/"
"Sun Jun 21 00:00:00 2015","Ghost Dog: The Way of the Samurai","2","1999","http://www.imdb.com/title/tt0165798/"
"Sun Jun 21 00:00:00 2015","American History X","7","1998","http://www.imdb.com/title/tt0120586/"
"Fri Jun 19 00:00:00 2015","Funny Games","2","1997","http://www.imdb.com/title/tt0119167/"
"Fri Jun 19 00:00:00 2015","The Bourne Ultimatum","5","2007","http://www.imdb.com/title/tt0440963/"
"Fri Jun 19 00:00:00 2015","Exam","8","2009","http://www.imdb.com/title/tt1258197/"
"Sun Jun 14 00:00:00 2015","Police Academy","3","1984","http://www.imdb.com/title/tt0087928/"
"Sat Jun 13 00:00:00 2015","World War Z","6","2013","http://www.imdb.com/title/tt0816711/"
"Sat Jun 13 00:00:00 2015","Only Lovers Left Alive","2","2013","http://www.imdb.com/title/tt1714915/"
"Thu Jun 11 00:00:00 2015","Margin Call","5","2011","http://www.imdb.com/title/tt1615147/"
"Wed Jun 10 00:00:00 2015","Drive","9","2011","http://www.imdb.com/title/tt0780504/"
"Tue Jun  9 00:00:00 2015","Shutter Island","9","2010","http://www.imdb.com/title/tt1130884/"
"Sat Jun  6 00:00:00 2015","Office Space","7","1999","http://www.imdb.com/title/tt0151804/"
"Fri May 29 00:00:00 2015","The Great Gatsby","6","2013","http://www.imdb.com/title/tt1343092/"
"Fri May 29 00:00:00 2015","Kung Fury","9","2015","http://www.imdb.com/title/tt3472226/"
"Thu May 21 00:00:00 2015","Enemy of the State","7","1998","http://www.imdb.com/title/tt0120660/"
"Sun May 17 00:00:00 2015","The Italian Job","7","2003","http://www.imdb.com/title/tt0317740/"
"Thu May 14 00:00:00 2015","Blood and Bone","4","2009","http://www.imdb.com/title/tt0346631/"
"Thu May 14 00:00:00 2015","The Rock","4","1996","http://www.imdb.com/title/tt0117500/"
"Sat May  9 00:00:00 2015","Breaking Bad","9","2008","http://www.imdb.com/title/tt0903747/"
"Sat May  9 00:00:00 2015","Better Call Saul","9","2015","http://www.imdb.com/title/tt3032476/"
"Tue May  5 00:00:00 2015","The Girl with the Dragon Tattoo","5","2011","http://www.imdb.com/title/tt1568346/"
"Mon May  4 00:00:00 2015","The Fifth Estate","8","2013","http://www.imdb.com/title/tt1837703/"
"Sun May  3 00:00:00 2015","Europa Report","7","2013","http://www.imdb.com/title/tt2051879/"
"Sat May  2 00:00:00 2015","Die Hard with a Vengeance","6","1995","http://www.imdb.com/title/tt0112864/"
"Thu Apr 30 00:00:00 2015","Cymbeline","2","2014","http://www.imdb.com/title/tt3093522/"
"Mon Apr 27 00:00:00 2015","The Hobbit: The Battle of the Five Armies","7","2014","http://www.imdb.com/title/tt2310332/"
"Mon Apr 20 00:00:00 2015","La Femme Nikita","4","1990","http://www.imdb.com/title/tt0100263/"
"Sun Apr 19 00:00:00 2015","RED","4","2010","http://www.imdb.com/title/tt1245526/"
"Fri Apr 17 00:00:00 2015","Noriko's Dinner Table","3","2005","http://www.imdb.com/title/tt0468820/"
"Wed Apr 15 00:00:00 2015","The Adjustment Bureau","8","2011","http://www.imdb.com/title/tt1385826/"
"Tue Apr 14 00:00:00 2015","Shooter","5","2007","http://www.imdb.com/title/tt0822854/"
"Tue Apr 14 00:00:00 2015","Lost in Translation","7","2003","http://www.imdb.com/title/tt0335266/"
"Mon Apr 13 00:00:00 2015","Vegas Vacation","3","1997","http://www.imdb.com/title/tt0120434/"
"Sun Apr 12 00:00:00 2015","3 Idiots","7","2009","http://www.imdb.com/title/tt1187043/"
"Sat Apr  4 00:00:00 2015","American Sniper","1","2014","http://www.imdb.com/title/tt2179136/"
"Thu Apr  2 00:00:00 2015","Jack Reacher","5","2012","http://www.imdb.com/title/tt0790724/"
"Wed Apr  1 00:00:00 2015","The Divide","3","2011","http://www.imdb.com/title/tt1535616/"
"Wed Apr  1 00:00:00 2015","The Jinx: The Life and Deaths of Robert Durst","3","2015","http://www.imdb.com/title/tt4299972/"
"Sun Mar 29 00:00:00 2015","The Reunion","10","2013","http://www.imdb.com/title/tt2402091/"
"Sun Mar 29 00:00:00 2015","A Dangerous Method","4","2011","http://www.imdb.com/title/tt1571222/"
"Mon Mar 23 00:00:00 2015","Inglourious Basterds","7","2009","http://www.imdb.com/title/tt0361748/"
"Sun Mar 22 00:00:00 2015","The Imitation Game","6","2014","http://www.imdb.com/title/tt2084970/"
"Sun Mar 22 00:00:00 2015","Big Hero 6","7","2014","http://www.imdb.com/title/tt2245084/"
"Fri Mar 20 00:00:00 2015","The Illusionist","7","2006","http://www.imdb.com/title/tt0443543/"
"Sun Mar  8 00:00:00 2015","Dawn of the Planet of the Apes","8","2014","http://www.imdb.com/title/tt2103281/"
"Sun Mar  8 00:00:00 2015","The Life Aquatic with Steve Zissou","7","2004","http://www.imdb.com/title/tt0362270/"
"Fri Mar  6 00:00:00 2015","John Wick","8","2014","http://www.imdb.com/title/tt2911666/"
"Sat Feb 28 00:00:00 2015","Nightcrawler","9","2014","http://www.imdb.com/title/tt2872718/"
"Tue Feb 24 00:00:00 2015","Atlas Shrugged: Who Is John Galt?","7","2014","http://www.imdb.com/title/tt2800038/"
"Mon Feb 23 00:00:00 2015","Fury","9","2014","http://www.imdb.com/title/tt2713180/"
"Sun Feb 22 00:00:00 2015","Force Majeure","7","2014","http://www.imdb.com/title/tt2121382/"
"Wed Feb 18 00:00:00 2015","Once","6","2007","http://www.imdb.com/title/tt0907657/"
"Fri Feb 13 00:00:00 2015","This Is the End","1","2013","http://www.imdb.com/title/tt1245492/"
"Sun Feb  8 00:00:00 2015","Morran och Tobias","8","2014","http://www.imdb.com/title/tt4182272/"
"Sun Feb  8 00:00:00 2015","The A-Team","3","2010","http://www.imdb.com/title/tt0429493/"
"Fri Feb  6 00:00:00 2015","300","7","2006","http://www.imdb.com/title/tt0416449/"
"Fri Feb  6 00:00:00 2015","300: Rise of an Empire","3","2014","http://www.imdb.com/title/tt1253863/"
"Thu Feb  5 00:00:00 2015","American Hustle","5","2013","http://www.imdb.com/title/tt1800241/"
"Thu Feb  5 00:00:00 2015","The Spectacular Now","4","2013","http://www.imdb.com/title/tt1714206/"
"Wed Feb  4 00:00:00 2015","Begin Again","8","2013","http://www.imdb.com/title/tt1980929/"
"Tue Feb  3 00:00:00 2015","If I Stay","4","2014","http://www.imdb.com/title/tt1355630/"
"Mon Feb  2 00:00:00 2015","Citizenfour","10","2014","http://www.imdb.com/title/tt4044364/"
"Sat Jan 31 00:00:00 2015","Chef","9","2014","http://www.imdb.com/title/tt2883512/"
"Sun Jan 25 00:00:00 2015","Pulp Fiction","4","1994","http://www.imdb.com/title/tt0110912/"
"Wed Jan 14 00:00:00 2015","Dumb and Dumber To","6","2014","http://www.imdb.com/title/tt2096672/"
"Wed Jan 14 00:00:00 2015","The Raid: Redemption","7","2011","http://www.imdb.com/title/tt1899353/"
"Tue Jan 13 00:00:00 2015","Fermat's Room","6","2007","http://www.imdb.com/title/tt1016301/"
"Sun Jan 11 00:00:00 2015","Lock, Stock and Two Smoking Barrels","4","1998","http://www.imdb.com/title/tt0120735/"
"Sat Jan 10 00:00:00 2015","Predestination","9","2014","http://www.imdb.com/title/tt2397535/"
"Tue Jan  6 00:00:00 2015","Nausicaä of the Valley of the Wind","8","1984","http://www.imdb.com/title/tt0087544/"
"Mon Jan  5 00:00:00 2015","Black Mirror","10","2011","http://www.imdb.com/title/tt2085059/"
"Fri Jan  2 00:00:00 2015","Gone Girl","9","2014","http://www.imdb.com/title/tt2267998/"
"Fri Jan  2 00:00:00 2015","Frank","8","2014","http://www.imdb.com/title/tt1605717/"
"Wed Dec 31 00:00:00 2014","Drömkåken","3","1993","http://www.imdb.com/title/tt0106779/"
"Sat Dec 27 00:00:00 2014","Dallas Buyers Club","9","2013","http://www.imdb.com/title/tt0790636/"
"Wed Dec 24 00:00:00 2014","Notting Hill","5","1999","http://www.imdb.com/title/tt0125439/"
"Mon Dec 22 00:00:00 2014","The Messenger: The Story of Joan of Arc","3","1999","http://www.imdb.com/title/tt0151137/"
"Mon Dec 22 00:00:00 2014","The Affair","8","2014","http://www.imdb.com/title/tt2699110/"
"Mon Dec 22 00:00:00 2014","Moon","6","2009","http://www.imdb.com/title/tt1182345/"
"Mon Dec 22 00:00:00 2014","Children of Men","9","2006","http://www.imdb.com/title/tt0206634/"
"Mon Dec 22 00:00:00 2014","Elysium","4","2013","http://www.imdb.com/title/tt1535108/"
"Mon Dec 22 00:00:00 2014","Tears of the Sun","4","2003","http://www.imdb.com/title/tt0314353/"
"Thu Dec 18 00:00:00 2014","Modern Family","4","2009","http://www.imdb.com/title/tt1442437/"
"Mon Dec 15 00:00:00 2014","RocknRolla","5","2008","http://www.imdb.com/title/tt1032755/"
"Tue Dec  9 00:00:00 2014","Collateral","8","2004","http://www.imdb.com/title/tt0369339/"
"Sun Dec  7 00:00:00 2014","Man on a Ledge","6","2012","http://www.imdb.com/title/tt1568338/"
"Sun Dec  7 00:00:00 2014","The Nightmare Before Christmas","5","1993","http://www.imdb.com/title/tt0107688/"
"Thu Dec  4 00:00:00 2014","The Grudge","3","2004","http://www.imdb.com/title/tt0391198/"
"Sat Nov 29 00:00:00 2014","Star Trek Into Darkness","8","2013","http://www.imdb.com/title/tt1408101/"
"Thu Nov 27 00:00:00 2014","Star Trek","8","2009","http://www.imdb.com/title/tt0796366/"
"Sun Nov 23 00:00:00 2014","Wreck-It Ralph","7","2012","http://www.imdb.com/title/tt1772341/"
"Sat Nov 22 00:00:00 2014","Dredd","8","2012","http://www.imdb.com/title/tt1343727/"
"Fri Nov 21 00:00:00 2014","The Hobbit: An Unexpected Journey","7","2012","http://www.imdb.com/title/tt0903624/"
"Fri Nov 21 00:00:00 2014","Frozen","7","2013","http://www.imdb.com/title/tt2294629/"
"Thu Nov 20 00:00:00 2014","Dumb & Dumber","4","1994","http://www.imdb.com/title/tt0109686/"
"Mon Nov 17 00:00:00 2014","The Hunger Games: Catching Fire","9","2013","http://www.imdb.com/title/tt1951264/"
"Sat Nov 15 00:00:00 2014","Alien","6","1979","http://www.imdb.com/title/tt0078748/"
"Tue Nov 11 00:00:00 2014","RV","6","2006","http://www.imdb.com/title/tt0449089/"
"Sat Nov  8 00:00:00 2014","V for Vendetta","5","2005","http://www.imdb.com/title/tt0434409/"
"Fri Nov  7 00:00:00 2014","The Ring","7","2002","http://www.imdb.com/title/tt0298130/"
"Sun Nov  2 00:00:00 2014","House of 9","4","2005","http://www.imdb.com/title/tt0395585/"
"Sun Nov  2 00:00:00 2014","The Killing Room","4","2009","http://www.imdb.com/title/tt1119191/"
"Fri Oct 31 00:00:00 2014","The Cabin in the Woods","7","2012","http://www.imdb.com/title/tt1259521/"
"Fri Oct 31 00:00:00 2014","Pan's Labyrinth","7","2006","http://www.imdb.com/title/tt0457430/"
"Sat Oct 25 00:00:00 2014","How to Train Your Dragon 2","5","2014","http://www.imdb.com/title/tt1646971/"
"Fri Oct 24 00:00:00 2014","The Pentagon Wars","8","1998","http://www.imdb.com/title/tt0144550/"
"Fri Oct 17 00:00:00 2014","Paranormal Activity 3","5","2011","http://www.imdb.com/title/tt1778304/"
"Thu Oct 16 00:00:00 2014","Paranormal Activity 2","5","2010","http://www.imdb.com/title/tt1536044/"
"Thu Oct 16 00:00:00 2014","Paranormal Activity","6","2007","http://www.imdb.com/title/tt1179904/"
"Sat Oct 11 00:00:00 2014","Before Midnight","8","2013","http://www.imdb.com/title/tt2209418/"
"Fri Oct 10 00:00:00 2014","Easy A","5","2010","http://www.imdb.com/title/tt1282140/"
"Mon Oct  6 00:00:00 2014","Edge of Tomorrow","9","2014","http://www.imdb.com/title/tt1631867/"
"Sun Sep 21 00:00:00 2014","Battle Royale II","3","2003","http://www.imdb.com/title/tt0338763/"
"Fri Sep 19 00:00:00 2014","Source Code","8","2011","http://www.imdb.com/title/tt0945513/"
"Tue Sep 16 00:00:00 2014","Safe House","8","2012","http://www.imdb.com/title/tt1599348/"
"Fri Sep 12 00:00:00 2014","Easy Money","9","2010","http://www.imdb.com/title/tt1291652/"
"Mon Sep  8 00:00:00 2014","Se7en","6","1995","http://www.imdb.com/title/tt0114369/"
"Sun Sep  7 00:00:00 2014","The One I Love","8","2014","http://www.imdb.com/title/tt2756032/"
"Sat Sep  6 00:00:00 2014","African Cats","6","2011","http://www.imdb.com/title/tt1223236/"
"Fri Sep  5 00:00:00 2014","Halt and Catch Fire","8","2014","http://www.imdb.com/title/tt2543312/"
"Wed Aug 27 00:00:00 2014","Bears","7","2014","http://www.imdb.com/title/tt2458776/"
"Tue Aug 26 00:00:00 2014","You're Next","5","2011","http://www.imdb.com/title/tt1853739/"
"Mon Aug 25 00:00:00 2014","Hot Fuzz","5","2007","http://www.imdb.com/title/tt0425112/"
"Fri Aug 22 00:00:00 2014","Foodfight!","1","2012","http://www.imdb.com/title/tt0249516/"
"Tue Aug 12 00:00:00 2014","Psycho-Pass","4","2012","http://www.imdb.com/title/tt2379308/"
"Wed Aug  6 00:00:00 2014","Archer","5","2009","http://www.imdb.com/title/tt1486217/"
"Fri Aug  1 00:00:00 2014","5 Centimeters Per Second","2","2007","http://www.imdb.com/title/tt0983213/"
"Sat Jul 26 00:00:00 2014","Atlas Shrugged II: The Strike","9","2012","http://www.imdb.com/title/tt1985017/"
"Sat Jul 26 00:00:00 2014","Atlas Shrugged: Part I","9","2011","http://www.imdb.com/title/tt0480239/"
"Wed Jul 23 00:00:00 2014","American Psycho","4","2000","http://www.imdb.com/title/tt0144084/"
"Sat Jul 19 00:00:00 2014","Spirited Away","9","2001","http://www.imdb.com/title/tt0245429/"
"Thu Jul 17 00:00:00 2014","The Grand Budapest Hotel","4","2014","http://www.imdb.com/title/tt2278388/"
"Mon Jul 14 00:00:00 2014","The Postman","3","1997","http://www.imdb.com/title/tt0119925/"
"Sat Jul 12 00:00:00 2014","Kiki's Delivery Service","8","1989","http://www.imdb.com/title/tt0097814/"
"Fri Jul 11 00:00:00 2014","Princess Mononoke","10","1997","http://www.imdb.com/title/tt0119698/"
"Thu Jul  3 00:00:00 2014","Lord of the Flies","5","1963","http://www.imdb.com/title/tt0057261/"
"Wed Jul  2 00:00:00 2014","Coraline","8","2009","http://www.imdb.com/title/tt0327597/"
"Wed Jul  2 00:00:00 2014","Escape from New York","5","1981","http://www.imdb.com/title/tt0082340/"
"Wed Jul  2 00:00:00 2014","Battle Royale","8","2000","http://www.imdb.com/title/tt0266308/"
"Mon Jun 30 00:00:00 2014","Monty Python and the Holy Grail","5","1975","http://www.imdb.com/title/tt0071853/"
"Mon Jun 30 00:00:00 2014","The Road","8","2009","http://www.imdb.com/title/tt0898367/"
"Sat Jun 28 00:00:00 2014","Insomnia","7","2002","http://www.imdb.com/title/tt0278504/"
"Fri Jun 27 00:00:00 2014","Memento","9","2000","http://www.imdb.com/title/tt0209144/"
"Fri Jun 27 00:00:00 2014","Following","8","1998","http://www.imdb.com/title/tt0154506/"
"Wed Jun 25 00:00:00 2014","Oculus","9","2013","http://www.imdb.com/title/tt2388715/"
"Tue Jun 24 00:00:00 2014","Snowpiercer","6","2013","http://www.imdb.com/title/tt1706620/"
"Sat Jun 21 00:00:00 2014","Airplane!","3","1980","http://www.imdb.com/title/tt0080339/"
"Wed Jun 18 00:00:00 2014","Fargo","6","2014","http://www.imdb.com/title/tt2802850/"
"Fri Jun 13 00:00:00 2014","The Lego Movie","8","2014","http://www.imdb.com/title/tt1490017/"
"Mon Jun  9 00:00:00 2014","Silicon Valley","8","2014","http://www.imdb.com/title/tt2575988/"
"Sat Jun  7 00:00:00 2014","The Wolf of Wall Street","6","2013","http://www.imdb.com/title/tt0993846/"
"Sat Jun  7 00:00:00 2014","Taxi Driver","5","1976","http://www.imdb.com/title/tt0075314/"
"Wed Jun  4 00:00:00 2014","Enemy","6","2013","http://www.imdb.com/title/tt2316411/"
"Tue Jun  3 00:00:00 2014","Summer Heights High","3","2007","http://www.imdb.com/title/tt0934320/"
"Tue Jun  3 00:00:00 2014","Homeland","6","2011","http://www.imdb.com/title/tt1796960/"
"Tue Jun  3 00:00:00 2014","Requiem for a Dream","4","2000","http://www.imdb.com/title/tt0180093/"
"Tue Jun  3 00:00:00 2014","American Beauty","6","1999","http://www.imdb.com/title/tt0169547/"
"Tue Jun  3 00:00:00 2014","The Hobbit: The Desolation of Smaug","6","2013","http://www.imdb.com/title/tt1170358/"
"Tue Jun  3 00:00:00 2014","Idiocracy","3","2006","http://www.imdb.com/title/tt0387808/"
"Tue Jun  3 00:00:00 2014","The Girl with the Dragon Tattoo","5","2009","http://www.imdb.com/title/tt1132620/"
"Tue Jun  3 00:00:00 2014","Dollhouse","5","2009","http://www.imdb.com/title/tt1135300/"
"Tue Jun  3 00:00:00 2014","Deadfall","5","2012","http://www.imdb.com/title/tt1667310/"
"Mon Jun  2 00:00:00 2014","Her","8","2013","http://www.imdb.com/title/tt1798709/"
"Sat Apr 19 00:00:00 2014","Prometheus","4","2012","http://www.imdb.com/title/tt1446714/"
"Sat Mar 15 00:00:00 2014","True Detective","7","2014","http://www.imdb.com/title/tt2356777/"
"Fri Feb 14 00:00:00 2014","House of Cards","7","2013","http://www.imdb.com/title/tt1856010/"
"Sat Jan 25 00:00:00 2014","Rubicon","8","2010","http://www.imdb.com/title/tt1389371/"
"Sat Jan 11 00:00:00 2014","Gravity","9","2013","http://www.imdb.com/title/tt1454468/"
"Fri Dec 20 00:00:00 2013","Black Books","7","2000","http://www.imdb.com/title/tt0262150/"
"Sat Nov 30 00:00:00 2013","CJ7","2","2008","http://www.imdb.com/title/tt0940709/"
"Fri Nov 29 00:00:00 2013","Fringe","9","2008","http://www.imdb.com/title/tt1119644/"
"Fri Oct 25 00:00:00 2013","Pacific Rim","4","2013","http://www.imdb.com/title/tt1663662/"
"Fri Oct 25 00:00:00 2013","Primer","4","2004","http://www.imdb.com/title/tt0390384/"
"Sun Oct 20 00:00:00 2013","Orange Is the New Black","8","2013","http://www.imdb.com/title/tt2372162/"
"Sat Oct  5 00:00:00 2013","Ghost in the Shell: Stand Alone Complex","10","2002","http://www.imdb.com/title/tt0346314/"
"Fri Sep 27 00:00:00 2013","Vikings","9","2013","http://www.imdb.com/title/tt2306299/"
"Thu Sep 26 00:00:00 2013","True Blood","8","2008","http://www.imdb.com/title/tt0844441/"
"Thu Sep 26 00:00:00 2013","Orphan Black","7","2013","http://www.imdb.com/title/tt2234222/"
"Sat Sep  7 00:00:00 2013","Oblivion","8","2013","http://www.imdb.com/title/tt1483013/"
"Fri Sep  6 00:00:00 2013","Serenity","8","2005","http://www.imdb.com/title/tt0379786/"
"Fri Sep  6 00:00:00 2013","Tucker and Dale vs Evil","7","2010","http://www.imdb.com/title/tt1465522/"
"Wed Jul 31 00:00:00 2013","The Social Network","10","2010","http://www.imdb.com/title/tt1285016/"
"Wed Jul 24 00:00:00 2013","The Matrix","8","1999","http://www.imdb.com/title/tt0133093/"
"Wed Jul 24 00:00:00 2013","Avatar","8","2009","http://www.imdb.com/title/tt0499549/"
"Wed Jul 24 00:00:00 2013","District 9","8","2009","http://www.imdb.com/title/tt1136608/"
"Tue Jul 23 00:00:00 2013","The Prestige","8","2006","http://www.imdb.com/title/tt0482571/"
"Tue Jul 23 00:00:00 2013","The Bourne Supremacy","7","2004","http://www.imdb.com/title/tt0372183/"
"Tue Jul 23 00:00:00 2013","The Pianist","8","2002","http://www.imdb.com/title/tt0253474/"
"Tue Jul 23 00:00:00 2013","The Lives of Others","8","2006","http://www.imdb.com/title/tt0405094/"
"Tue Jul 23 00:00:00 2013","Amélie","5","2001","http://www.imdb.com/title/tt0211915/"
"Mon Jul 22 00:00:00 2013","The Bourne Identity","7","2002","http://www.imdb.com/title/tt0258463/"
"Sun Jul 21 00:00:00 2013","Snatch","4","2000","http://www.imdb.com/title/tt0208092/"
"Sun Jul 21 00:00:00 2013","Saw","7","2004","http://www.imdb.com/title/tt0387564/"
"Sun Jul 21 00:00:00 2013","The Last Airbender","3","2010","http://www.imdb.com/title/tt0938283/"
"Sun Jul 21 00:00:00 2013","Saw II","5","2005","http://www.imdb.com/title/tt0432348/"
"Sun Jul 21 00:00:00 2013","Scary Movie 5","1","2013","http://www.imdb.com/title/tt0795461/"
"Sat Jul 20 00:00:00 2013","Sintel","8","2010","http://www.imdb.com/title/tt1727587/"
"Sat Jul 20 00:00:00 2013","Big Buck Bunny","6","2008","http://www.imdb.com/title/tt1254207/"
"Sat Jul 20 00:00:00 2013","Tears of Steel","6","2012","http://www.imdb.com/title/tt2285752/"
"Sat Jul 20 00:00:00 2013","Léon: The Professional","8","1994","http://www.imdb.com/title/tt0110413/"
"Sat Jul 20 00:00:00 2013","Tangled","8","2010","http://www.imdb.com/title/tt0398286/"
"Sat Jul 20 00:00:00 2013","Brave","7","2012","http://www.imdb.com/title/tt1217209/"
"Sat Jul 20 00:00:00 2013","In Bruges","3","2008","http://www.imdb.com/title/tt0780536/"
"Sat Jul 20 00:00:00 2013","Couples Retreat","4","2009","http://www.imdb.com/title/tt1078940/"
"Sat Jul 20 00:00:00 2013","Elephants Dream","4","2006","http://www.imdb.com/title/tt0807840/"
"Fri Jul 19 00:00:00 2013","Casshern","6","2004","http://www.imdb.com/title/tt0405821/"
"Fri Jul 19 00:00:00 2013","Dragons' Den","6","2005","http://www.imdb.com/title/tt0443370/"
"Fri Jul 19 00:00:00 2013","Kenny vs. Spenny","7","2002","http://www.imdb.com/title/tt0384746/"
"Fri Jul 19 00:00:00 2013","The Final","4","2010","http://www.imdb.com/title/tt1390535/"
"Fri Jul 19 00:00:00 2013","Vice","8","2013","http://www.imdb.com/title/tt2782710/"
"Fri Jul 19 00:00:00 2013","Nine Dead","5","2010","http://www.imdb.com/title/tt0959329/"
"Fri Jul 19 00:00:00 2013","Cowboy Bebop: The Movie","8","2001","http://www.imdb.com/title/tt0275277/"
"Fri Jul 19 00:00:00 2013","Real Genius","4","1985","http://www.imdb.com/title/tt0089886/"
"Fri Jul 19 00:00:00 2013","Surrogates","8","2009","http://www.imdb.com/title/tt0986263/"
"Fri Jul 19 00:00:00 2013","Valhalla Rising","6","2009","http://www.imdb.com/title/tt0862467/"
"Fri Jul 19 00:00:00 2013","Hot Shots! Part Deux","5","1993","http://www.imdb.com/title/tt0107144/"
"Fri Jul 19 00:00:00 2013","The Wizard","3","1989","http://www.imdb.com/title/tt0098663/"
"Fri Jul 19 00:00:00 2013","Johnny Mnemonic","6","1995","http://www.imdb.com/title/tt0113481/"
"Fri Jul 19 00:00:00 2013","Wild Zero","4","1999","http://www.imdb.com/title/tt0267116/"
"Fri Jul 19 00:00:00 2013","The Lawnmower Man","4","1992","http://www.imdb.com/title/tt0104692/"
"Fri Jul 19 00:00:00 2013","Shark Tank","6","2009","http://www.imdb.com/title/tt1442550/"
"Fri Jul 19 00:00:00 2013","Save the Green Planet!","3","2003","http://www.imdb.com/title/tt0354668/"
"Fri Jul 19 00:00:00 2013","Dudesons in America","4","2010","http://www.imdb.com/title/tt1598874/"
"Fri Jul 19 00:00:00 2013","Game of Thrones","9","2011","http://www.imdb.com/title/tt0944947/"
"Fri Jul 19 00:00:00 2013","The Walking Dead","6","2010","http://www.imdb.com/title/tt1520211/"
"Fri Jul 19 00:00:00 2013","Arrow","5","2012","http://www.imdb.com/title/tt2193021/"
"Fri Jul 19 00:00:00 2013","Sherlock","8","2010","http://www.imdb.com/title/tt1475582/"
"Fri Jul 19 00:00:00 2013","The Big Bang Theory","5","2007","http://www.imdb.com/title/tt0898266/"
"Fri Jul 19 00:00:00 2013","Doctor Who","7","2005","http://www.imdb.com/title/tt0436992/"
"Fri Jul 19 00:00:00 2013","The Dark Knight","8","2008","http://www.imdb.com/title/tt0468569/"
"Fri Jul 19 00:00:00 2013","The Dark Knight Rises","8","2012","http://www.imdb.com/title/tt1345836/"
"Fri Jul 19 00:00:00 2013","Fight Club","9","1999","http://www.imdb.com/title/tt0137523/"
"Fri Jul 19 00:00:00 2013","Inception","9","2010","http://www.imdb.com/title/tt1375666/"
"Fri Jul 19 00:00:00 2013","South Park","7","1997","http://www.imdb.com/title/tt0121955/"
"Fri Jul 19 00:00:00 2013","Gladiator","7","2000","http://www.imdb.com/title/tt0172495/"
"Fri Jul 19 00:00:00 2013","Arrested Development","6","2003","http://www.imdb.com/title/tt0367279/"
"Fri Jul 19 00:00:00 2013","Batman Begins","8","2005","http://www.imdb.com/title/tt0372784/"
"Fri Jul 19 00:00:00 2013","Django Unchained","8","2012","http://www.imdb.com/title/tt1853728/"
"Fri Jul 19 00:00:00 2013","The Big Lebowski","7","1998","http://www.imdb.com/title/tt0118715/"
"Fri Jul 19 00:00:00 2013","Boardwalk Empire","5","2010","http://www.imdb.com/title/tt0979432/"
"Fri Jul 19 00:00:00 2013","The Hunger Games","8","2012","http://www.imdb.com/title/tt1392170/"
"Fri Jul 19 00:00:00 2013","Firefly","9","2002","http://www.imdb.com/title/tt0303461/"
"Fri Jul 19 00:00:00 2013","Blade Runner","7","1982","http://www.imdb.com/title/tt0083658/"
"Fri Jul 19 00:00:00 2013","Hook","2","1991","http://www.imdb.com/title/tt0102057/"
"Fri Jul 19 00:00:00 2013","Pirates of the Caribbean: The Curse of the Black Pearl","6","2003","http://www.imdb.com/title/tt0325980/"
"Fri Jul 19 00:00:00 2013","Jurassic Park","6","1993","http://www.imdb.com/title/tt0107290/"
"Fri Jul 19 00:00:00 2013","Eternal Sunshine of the Spotless Mind","5","2004","http://www.imdb.com/title/tt0338013/"
"Fri Jul 19 00:00:00 2013","Silver Linings Playbook","6","2012","http://www.imdb.com/title/tt1045658/"
"Fri Jul 19 00:00:00 2013","Ratatouille","7","2007","http://www.imdb.com/title/tt0382932/"
"Fri Jul 19 00:00:00 2013","Into the Wild","7","2007","http://www.imdb.com/title/tt0758758/"
"Fri Jul 19 00:00:00 2013","The Hangover","8","2009","http://www.imdb.com/title/tt1119646/"
"Fri Jul 19 00:00:00 2013","Cloud Atlas","9","2012","http://www.imdb.com/title/tt1371111/"
"Fri Jul 19 00:00:00 2013","Alice in Wonderland","2","2010","http://www.imdb.com/title/tt1014759/"
"Fri Jul 19 00:00:00 2013","Argo","6","2012","http://www.imdb.com/title/tt1024648/"
"Fri Jul 19 00:00:00 2013","Looper","8","2012","http://www.imdb.com/title/tt1276104/"
"Fri Jul 19 00:00:00 2013","I, Robot","5","2004","http://www.imdb.com/title/tt0343818/"
"Fri Jul 19 00:00:00 2013","Monsters, Inc.","6","2001","http://www.imdb.com/title/tt0198781/"
"Fri Jul 19 00:00:00 2013","Twelve Monkeys","9","1995","http://www.imdb.com/title/tt0114746/"
"Fri Jul 19 00:00:00 2013","Toy Story","7","1995","http://www.imdb.com/title/tt0114709/"
"Fri Jul 19 00:00:00 2013","The IT Crowd","6","2006","http://www.imdb.com/title/tt0487831/"
"Fri Jul 19 00:00:00 2013","Salt","4","2010","http://www.imdb.com/title/tt0944835/"
"Fri Jul 19 00:00:00 2013","Up","8","2009","http://www.imdb.com/title/tt1049413/"
"Fri Jul 19 00:00:00 2013","WarGames","5","1983","http://www.imdb.com/title/tt0086567/"
"Fri Jul 19 00:00:00 2013","Despicable Me","7","2010","http://www.imdb.com/title/tt1323594/"
"Fri Jul 19 00:00:00 2013","Face/Off","5","1997","http://www.imdb.com/title/tt0119094/"
"Fri Jul 19 00:00:00 2013","The Dictator","4","2012","http://www.imdb.com/title/tt1645170/"
"Fri Jul 19 00:00:00 2013","Life of Pi","7","2012","http://www.imdb.com/title/tt0454876/"
"Fri Jul 19 00:00:00 2013","Minority Report","6","2002","http://www.imdb.com/title/tt0181689/"
"Fri Jul 19 00:00:00 2013","Toy Story 3","7","2010","http://www.imdb.com/title/tt0435761/"
"Fri Jul 19 00:00:00 2013","WALL·E","8","2008","http://www.imdb.com/title/tt0910970/"
"Fri Jul 19 00:00:00 2013","O Brother, Where Art Thou?","6","2000","http://www.imdb.com/title/tt0190590/"
"Fri Jul 19 00:00:00 2013","Equilibrium","8","2002","http://www.imdb.com/title/tt0238380/"
"Fri Jul 19 00:00:00 2013","A.I. Artificial Intelligence","4","2001","http://www.imdb.com/title/tt0212720/"
"Fri Jul 19 00:00:00 2013","127 Hours","7","2010","http://www.imdb.com/title/tt1542344/"
"Fri Jul 19 00:00:00 2013","Hanna","9","2011","http://www.imdb.com/title/tt0993842/"
"Fri Jul 19 00:00:00 2013","Life of Brian","7","1979","http://www.imdb.com/title/tt0079470/"
"Fri Jul 19 00:00:00 2013","Utopia","8","2013","http://www.imdb.com/title/tt2384811/"
"Fri Jul 19 00:00:00 2013","TRON","4","1982","http://www.imdb.com/title/tt0084827/"
"Fri Jul 19 00:00:00 2013","My Neighbor Totoro","6","1988","http://www.imdb.com/title/tt0096283/"
"Fri Jul 19 00:00:00 2013","Team America: World Police","6","2004","http://www.imdb.com/title/tt0372588/"
"Fri Jul 19 00:00:00 2013","Cube","8","1997","http://www.imdb.com/title/tt0123755/"
"Fri Jul 19 00:00:00 2013","A Scanner Darkly","4","2006","http://www.imdb.com/title/tt0405296/"
"Fri Jul 19 00:00:00 2013","Cowboy Bebop","7","1998","http://www.imdb.com/title/tt0213338/"
"Fri Jul 19 00:00:00 2013","Falling Down","6","1993","http://www.imdb.com/title/tt0106856/"
"Fri Jul 19 00:00:00 2013","Gamer","6","2009","http://www.imdb.com/title/tt1034032/"
"Fri Jul 19 00:00:00 2013","Ghost in the Shell","9","1995","http://www.imdb.com/title/tt0113568/"
"Fri Jul 19 00:00:00 2013","1984","5","1984","http://www.imdb.com/title/tt0087803/"
